"first_name"||"last_name"||"user"||"email"||"name"||"phone"||"cc"||"amount"||"date"
"Nancy"||"Higgins"||"nancy.higgins"||"Nancy.Higgins@example.com"||"Nancy Higgins"||"(871) 398-6828"||"ACN00005"||90.78||"9/1/2110"
"Glen"||"Massey"||"glen.massey"||"Glen.Massey@example.com"||"Glen Massey"||"(837) 435-3518"||"ACN00008"||68.07||"4/5/2088"
"Lloyd"||"Delgado"||"lloyd.delgado"||"Lloyd.Delgado@example.com"||"Lloyd Delgado"||"(849) 433-7306"||"ACN00003"||57.9||"12/11/2025"
"Troy"||"Osborne"||"troy.osborne"||"Troy.Osborne@example.com"||"Troy Osborne"||"(939) 205-9884"||"ACN00001"||59.190000000000005||"28/2/2079"
"Mina"||"Jenkins"||"mina.jenkins"||"Mina.Jenkins@example.com"||"Mina Jenkins"||"(810) 573-9556"||"ACN00006"||99.43||"1/5/2026"
"Eula"||"Lynch"||"eula.lynch"||"Eula.Lynch@example.com"||"Eula Lynch"||"(314) 859-3549"||"ACN00006"||84.91000000000001||"12/2/2063"
"Travis"||"Barton"||"travis.barton"||"Travis.Barton@example.com"||"Travis Barton"||"(460) 336-2976"||"ACN00006"||50.260000000000005||"16/1/2083"
"Jessie"||"Howard"||"jessie.howard"||"Jessie.Howard@example.com"||"Jessie Howard"||"(911) 382-4904"||"ACN00008"||96.61999999999999||"2/8/2062"
"Marie"||"Romero"||"marie.romero"||"Marie.Romero@example.com"||"Marie Romero"||"(640) 762-5668"||"ACN00004"||5.83||"5/12/2023"
"Rebecca"||"Scott"||"rebecca.scott"||"Rebecca.Scott@example.com"||"Rebecca Scott"||"(711) 494-3409"||"ACN00003"||86.28||"25/12/2040"
"Clyde"||"James"||"clyde.james"||"Clyde.James@example.com"||"Clyde James"||"(908) 306-2049"||"ACN00008"||96.61999999999999||"23/12/2058"
"Sarah"||"Farmer"||"sarah.farmer"||"Sarah.Farmer@example.com"||"Sarah Farmer"||"(605) 621-8456"||"ACN00004"||54.93||"17/8/2079"
"Nellie"||"Jensen"||"nellie.jensen"||"Nellie.Jensen@example.com"||"Nellie Jensen"||"(556) 408-1750"||"ACN00007"||42||"27/5/2112"
"Ann"||"Lloyd"||"ann.lloyd"||"Ann.Lloyd@example.com"||"Ann Lloyd"||"(786) 634-2181"||"ACN00001"||76.03||"27/10/2112"
"Logan"||"Mitchell"||"logan.mitchell"||"Logan.Mitchell@example.com"||"Logan Mitchell"||"(449) 851-9603"||"ACN00006"||28.19||"26/11/2088"
"Gordon"||"Sherman"||"gordon.sherman"||"Gordon.Sherman@example.com"||"Gordon Sherman"||"(989) 913-3552"||"ACN00006"||78.28||"12/3/2062"
"Leona"||"Mendez"||"leona.mendez"||"Leona.Mendez@example.com"||"Leona Mendez"||"(388) 614-1148"||"ACN00004"||17.3||"25/11/2077"
"Justin"||"Norris"||"justin.norris"||"Justin.Norris@example.com"||"Justin Norris"||"(571) 864-5008"||"ACN00002"||18.21||"23/1/2055"
"Paul"||"Potter"||"paul.potter"||"Paul.Potter@example.com"||"Paul Potter"||"(488) 975-5413"||"ACN00007"||26.4||"30/9/2091"
"Adelaide"||"Arnold"||"adelaide.arnold"||"Adelaide.Arnold@example.com"||"Adelaide Arnold"||"(815) 665-3324"||"ACN00004"||15.88||"21/5/2099"
"Fanny"||"McDaniel"||"fanny.mcdaniel"||"Fanny.McDaniel@example.com"||"Fanny McDaniel"||"(583) 312-8053"||"ACN00004"||75.82||"21/1/2047"
"Cecelia"||"Figueroa"||"cecelia.figueroa"||"Cecelia.Figueroa@example.com"||"Cecelia Figueroa"||"(315) 488-7183"||"ACN00006"||92.76||"31/12/2023"
"Eric"||"Norris"||"eric.norris"||"Eric.Norris@example.com"||"Eric Norris"||"(348) 456-5526"||"ACN00006"||10.870000000000001||"7/12/2035"
"Ollie"||"Cox"||"ollie.cox"||"Ollie.Cox@example.com"||"Ollie Cox"||"(384) 528-8278"||"ACN00003"||32.4||"14/5/2056"
"Trevor"||"Tate"||"trevor.tate"||"Trevor.Tate@example.com"||"Trevor Tate"||"(416) 337-4164"||"ACN00005"||1.8900000000000001||"30/10/2080"
"Nicholas"||"Bailey"||"nicholas.bailey"||"Nicholas.Bailey@example.com"||"Nicholas Bailey"||"(603) 913-8635"||"ACN00008"||55.67||"28/12/2113"
"Callie"||"Morgan"||"callie.morgan"||"Callie.Morgan@example.com"||"Callie Morgan"||"(220) 822-5918"||"ACN00001"||87.8||"19/8/2113"
"Catherine"||"Goodwin"||"catherine.goodwin"||"Catherine.Goodwin@example.com"||"Catherine Goodwin"||"(901) 762-5283"||"ACN00007"||7.01||"30/4/2083"
"Mason"||"James"||"mason.james"||"Mason.James@example.com"||"Mason James"||"(203) 515-2217"||"ACN00007"||28.279999999999998||"2/11/2053"
"Aaron"||"Parsons"||"aaron.parsons"||"Aaron.Parsons@example.com"||"Aaron Parsons"||"(879) 997-6577"||"ACN00002"||12.639999999999999||"1/9/2030"
"Sue"||"Conner"||"sue.conner"||"Sue.Conner@example.com"||"Sue Conner"||"(527) 653-8800"||"ACN00006"||47.61||"26/6/2059"
"Minnie"||"Moran"||"minnie.moran"||"Minnie.Moran@example.com"||"Minnie Moran"||"(751) 869-3276"||"ACN00004"||39.75||"18/1/2020"
"Susan"||"Garcia"||"susan.garcia"||"Susan.Garcia@example.com"||"Susan Garcia"||"(244) 593-5926"||"ACN00001"||88.4||"28/12/2072"
"Roy"||"Patton"||"roy.patton"||"Roy.Patton@example.com"||"Roy Patton"||"(654) 281-1950"||"ACN00003"||52.57||"4/8/2104"
"Glen"||"Cruz"||"glen.cruz"||"Glen.Cruz@example.com"||"Glen Cruz"||"(955) 743-9923"||"ACN00004"||58.97||"12/12/2063"
"Teresa"||"Cruz"||"teresa.cruz"||"Teresa.Cruz@example.com"||"Teresa Cruz"||"(385) 520-2791"||"ACN00008"||19.95||"24/11/2053"
"Ruby"||"Weber"||"ruby.weber"||"Ruby.Weber@example.com"||"Ruby Weber"||"(946) 473-1864"||"ACN00001"||39.78||"18/4/2017"
"Vincent"||"Vaughn"||"vincent.vaughn"||"Vincent.Vaughn@example.com"||"Vincent Vaughn"||"(217) 414-1753"||"ACN00008"||29.21||"17/3/2045"
"Isabel"||"Shelton"||"isabel.shelton"||"Isabel.Shelton@example.com"||"Isabel Shelton"||"(783) 840-7126"||"ACN00008"||52.6||"5/11/2110"
"Cameron"||"Crawford"||"cameron.crawford"||"Cameron.Crawford@example.com"||"Cameron Crawford"||"(878) 926-2724"||"ACN00001"||88.97||"29/12/2064"
"Franklin"||"Powers"||"franklin.powers"||"Franklin.Powers@example.com"||"Franklin Powers"||"(532) 966-4164"||"ACN00002"||46.65||"29/3/2104"
"Fred"||"Graves"||"fred.graves"||"Fred.Graves@example.com"||"Fred Graves"||"(879) 759-4241"||"ACN00006"||17.17||"8/7/2116"
"Jeffrey"||"Morrison"||"jeffrey.morrison"||"Jeffrey.Morrison@example.com"||"Jeffrey Morrison"||"(803) 344-4147"||"ACN00006"||24.310000000000002||"1/10/2114"
"Virgie"||"Ross"||"virgie.ross"||"Virgie.Ross@example.com"||"Virgie Ross"||"(869) 445-6817"||"ACN00006"||67.8||"11/9/2111"
"Jonathan"||"Drake"||"jonathan.drake"||"Jonathan.Drake@example.com"||"Jonathan Drake"||"(926) 423-9967"||"ACN00003"||3.8899999999999997||"31/12/2087"
"Maurice"||"Elliott"||"maurice.elliott"||"Maurice.Elliott@example.com"||"Maurice Elliott"||"(603) 503-5337"||"ACN00006"||97.54||"16/8/2017"
"Isabelle"||"Ingram"||"isabelle.ingram"||"Isabelle.Ingram@example.com"||"Isabelle Ingram"||"(386) 280-1047"||"ACN00001"||29.72||"13/6/2062"
"Dennis"||"Tucker"||"dennis.tucker"||"Dennis.Tucker@example.com"||"Dennis Tucker"||"(931) 872-8406"||"ACN00008"||60.52||"14/7/2096"
"Frances"||"Ramos"||"frances.ramos"||"Frances.Ramos@example.com"||"Frances Ramos"||"(875) 753-2187"||"ACN00007"||92.9||"5/9/2037"
"Sally"||"Rhodes"||"sally.rhodes"||"Sally.Rhodes@example.com"||"Sally Rhodes"||"(437) 855-4885"||"ACN00008"||82.69||"25/2/2102"
"Abbie"||"Jacobs"||"abbie.jacobs"||"Abbie.Jacobs@example.com"||"Abbie Jacobs"||"(640) 420-4803"||"ACN00004"||35.78||"23/1/2084"
"Daisy"||"Sharp"||"daisy.sharp"||"Daisy.Sharp@example.com"||"Daisy Sharp"||"(404) 317-6639"||"ACN00001"||89.3||"29/7/2036"
"Hettie"||"Reeves"||"hettie.reeves"||"Hettie.Reeves@example.com"||"Hettie Reeves"||"(505) 414-5155"||"ACN00001"||53.190000000000005||"12/9/2016"
"Vincent"||"Garrett"||"vincent.garrett"||"Vincent.Garrett@example.com"||"Vincent Garrett"||"(885) 479-9266"||"ACN00002"||66.06||"30/4/2092"
"Della"||"Moody"||"della.moody"||"Della.Moody@example.com"||"Della Moody"||"(556) 456-9338"||"ACN00007"||60.14||"26/12/2055"
"Bernice"||"Bennett"||"bernice.bennett"||"Bernice.Bennett@example.com"||"Bernice Bennett"||"(671) 548-8302"||"ACN00005"||10.52||"18/9/2074"
"Cynthia"||"Howell"||"cynthia.howell"||"Cynthia.Howell@example.com"||"Cynthia Howell"||"(271) 781-6702"||"ACN00003"||15.28||"13/5/2037"
"Duane"||"Little"||"duane.little"||"Duane.Little@example.com"||"Duane Little"||"(406) 990-6237"||"ACN00005"||20.17||"25/2/2097"
"Louisa"||"Holloway"||"louisa.holloway"||"Louisa.Holloway@example.com"||"Louisa Holloway"||"(876) 451-3119"||"ACN00007"||42.08||"17/11/2043"
"Michael"||"Morrison"||"michael.morrison"||"Michael.Morrison@example.com"||"Michael Morrison"||"(308) 963-4481"||"ACN00004"||37.449999999999996||"25/5/2019"
"Alberta"||"Thornton"||"alberta.thornton"||"Alberta.Thornton@example.com"||"Alberta Thornton"||"(368) 760-1675"||"ACN00002"||31.150000000000002||"2/4/2030"
"Eugene"||"Goodman"||"eugene.goodman"||"Eugene.Goodman@example.com"||"Eugene Goodman"||"(268) 491-4861"||"ACN00002"||9.66||"28/12/2060"
"Micheal"||"Smith"||"micheal.smith"||"Micheal.Smith@example.com"||"Micheal Smith"||"(939) 220-2754"||"ACN00002"||30.36||"21/9/2064"
"Willie"||"Perry"||"willie.perry"||"Willie.Perry@example.com"||"Willie Perry"||"(258) 967-8499"||"ACN00003"||10.629999999999999||"30/10/2081"
"Grace"||"Curry"||"grace.curry"||"Grace.Curry@example.com"||"Grace Curry"||"(264) 376-1829"||"ACN00001"||85.17999999999999||"22/10/2017"
"Fred"||"Vaughn"||"fred.vaughn"||"Fred.Vaughn@example.com"||"Fred Vaughn"||"(838) 248-8136"||"ACN00005"||53.47||"2/7/2098"
"Mable"||"Paul"||"mable.paul"||"Mable.Paul@example.com"||"Mable Paul"||"(923) 717-2953"||"ACN00007"||75.21000000000001||"8/11/2090"
"Katherine"||"Bailey"||"katherine.bailey"||"Katherine.Bailey@example.com"||"Katherine Bailey"||"(976) 839-1671"||"ACN00003"||82.77||"17/12/2099"
"Elsie"||"Ramsey"||"elsie.ramsey"||"Elsie.Ramsey@example.com"||"Elsie Ramsey"||"(934) 972-7761"||"ACN00007"||76.81||"13/4/2017"
"Benjamin"||"McGuire"||"benjamin.mcguire"||"Benjamin.McGuire@example.com"||"Benjamin McGuire"||"(773) 749-3083"||"ACN00001"||95.2||"31/5/2076"
"Gussie"||"Wood"||"gussie.wood"||"Gussie.Wood@example.com"||"Gussie Wood"||"(726) 872-9785"||"ACN00004"||26.74||"6/2/2102"
"Lenora"||"Ellis"||"lenora.ellis"||"Lenora.Ellis@example.com"||"Lenora Ellis"||"(929) 445-2202"||"ACN00006"||60.730000000000004||"8/7/2050"
"Harriet"||"Moreno"||"harriet.moreno"||"Harriet.Moreno@example.com"||"Harriet Moreno"||"(572) 762-4191"||"ACN00006"||31.93||"22/3/2066"
"Elmer"||"Moore"||"elmer.moore"||"Elmer.Moore@example.com"||"Elmer Moore"||"(745) 990-7044"||"ACN00005"||12.54||"18/1/2056"
"Evan"||"Estrada"||"evan.estrada"||"Evan.Estrada@example.com"||"Evan Estrada"||"(247) 679-8781"||"ACN00007"||55.49||"25/4/2092"
"Alexander"||"Beck"||"alexander.beck"||"Alexander.Beck@example.com"||"Alexander Beck"||"(458) 736-9503"||"ACN00001"||59.61||"27/11/2114"
"Peter"||"Hart"||"peter.hart"||"Peter.Hart@example.com"||"Peter Hart"||"(255) 245-3116"||"ACN00008"||74.76||"26/11/2077"
"Fanny"||"Parks"||"fanny.parks"||"Fanny.Parks@example.com"||"Fanny Parks"||"(522) 445-1881"||"ACN00006"||75.07||"10/10/2109"
"Ethan"||"Gibson"||"ethan.gibson"||"Ethan.Gibson@example.com"||"Ethan Gibson"||"(525) 447-1749"||"ACN00003"||22.54||"27/9/2098"
"Charles"||"Lawrence"||"charles.lawrence"||"Charles.Lawrence@example.com"||"Charles Lawrence"||"(700) 286-4138"||"ACN00005"||64.56||"6/4/2101"
"Stephen"||"Bradley"||"stephen.bradley"||"Stephen.Bradley@example.com"||"Stephen Bradley"||"(502) 765-8426"||"ACN00007"||76.96000000000001||"14/11/2027"
"Fanny"||"Owens"||"fanny.owens"||"Fanny.Owens@example.com"||"Fanny Owens"||"(836) 636-8247"||"ACN00005"||68.58||"30/9/2088"
"Lenora"||"Goodman"||"lenora.goodman"||"Lenora.Goodman@example.com"||"Lenora Goodman"||"(354) 998-1903"||"ACN00001"||55.48||"29/1/2038"
"Mary"||"McGuire"||"mary.mcguire"||"Mary.McGuire@example.com"||"Mary McGuire"||"(489) 689-7928"||"ACN00006"||56.61||"1/5/2035"
"Todd"||"Gomez"||"todd.gomez"||"Todd.Gomez@example.com"||"Todd Gomez"||"(250) 399-8036"||"ACN00001"||43.46||"18/1/2066"
"Steven"||"Myers"||"steven.myers"||"Steven.Myers@example.com"||"Steven Myers"||"(910) 712-1345"||"ACN00007"||52.449999999999996||"8/10/2063"
"Beulah"||"Goodman"||"beulah.goodman"||"Beulah.Goodman@example.com"||"Beulah Goodman"||"(308) 713-1777"||"ACN00003"||87.01||"22/9/2116"
"Virginia"||"Anderson"||"virginia.anderson"||"Virginia.Anderson@example.com"||"Virginia Anderson"||"(309) 985-3890"||"ACN00006"||47.349999999999994||"21/12/2106"
"Jesse"||"Douglas"||"jesse.douglas"||"Jesse.Douglas@example.com"||"Jesse Douglas"||"(364) 348-1127"||"ACN00004"||88.44000000000001||"12/12/2071"
"Brandon"||"Turner"||"brandon.turner"||"Brandon.Turner@example.com"||"Brandon Turner"||"(986) 879-8825"||"ACN00007"||5.96||"9/2/2108"
"Joshua"||"White"||"joshua.white"||"Joshua.White@example.com"||"Joshua White"||"(686) 200-2355"||"ACN00002"||41.660000000000004||"6/2/2023"
"Derrick"||"Pena"||"derrick.pena"||"Derrick.Pena@example.com"||"Derrick Pena"||"(216) 732-1460"||"ACN00006"||21.58||"8/10/2110"
"Fanny"||"Strickland"||"fanny.strickland"||"Fanny.Strickland@example.com"||"Fanny Strickland"||"(812) 396-4598"||"ACN00004"||6.02||"26/6/2035"
"Eunice"||"Herrera"||"eunice.herrera"||"Eunice.Herrera@example.com"||"Eunice Herrera"||"(406) 578-8485"||"ACN00002"||28.310000000000002||"3/2/2066"
"Glen"||"Ellis"||"glen.ellis"||"Glen.Ellis@example.com"||"Glen Ellis"||"(452) 834-3107"||"ACN00001"||8.99||"28/11/2079"
"Jesse"||"Mendez"||"jesse.mendez"||"Jesse.Mendez@example.com"||"Jesse Mendez"||"(429) 436-8859"||"ACN00006"||49.46||"6/4/2037"
"Violet"||"Rose"||"violet.rose"||"Violet.Rose@example.com"||"Violet Rose"||"(274) 992-3857"||"ACN00001"||38.77||"27/1/2087"
"Elsie"||"Frazier"||"elsie.frazier"||"Elsie.Frazier@example.com"||"Elsie Frazier"||"(352) 269-5587"||"ACN00006"||46.8||"30/12/2024"
"Gene"||"Green"||"gene.green"||"Gene.Green@example.com"||"Gene Green"||"(960) 539-4141"||"ACN00006"||16.86||"5/3/2039"
"Rodney"||"Haynes"||"rodney.haynes"||"Rodney.Haynes@example.com"||"Rodney Haynes"||"(217) 343-6004"||"ACN00006"||86||"28/5/2086"
"Alejandro"||"Lewis"||"alejandro.lewis"||"Alejandro.Lewis@example.com"||"Alejandro Lewis"||"(473) 486-5084"||"ACN00004"||31.21||"19/8/2086"
"Sadie"||"Munoz"||"sadie.munoz"||"Sadie.Munoz@example.com"||"Sadie Munoz"||"(989) 754-4132"||"ACN00002"||71.51||"23/1/2070"
"Pearl"||"Russell"||"pearl.russell"||"Pearl.Russell@example.com"||"Pearl Russell"||"(775) 435-5125"||"ACN00007"||21.779999999999998||"11/12/2055"
"Jean"||"Robbins"||"jean.robbins"||"Jean.Robbins@example.com"||"Jean Robbins"||"(408) 770-5361"||"ACN00007"||50.05||"21/2/2021"
"Mattie"||"Mathis"||"mattie.mathis"||"Mattie.Mathis@example.com"||"Mattie Mathis"||"(850) 410-4522"||"ACN00004"||12.69||"2/4/2046"
"Cody"||"Garza"||"cody.garza"||"Cody.Garza@example.com"||"Cody Garza"||"(211) 528-8949"||"ACN00005"||13.46||"19/6/2105"
"Terry"||"Poole"||"terry.poole"||"Terry.Poole@example.com"||"Terry Poole"||"(732) 235-2789"||"ACN00005"||28.29||"26/9/2061"
"Vera"||"Bates"||"vera.bates"||"Vera.Bates@example.com"||"Vera Bates"||"(363) 581-7461"||"ACN00005"||37.4||"18/7/2089"
"Mabelle"||"Lopez"||"mabelle.lopez"||"Mabelle.Lopez@example.com"||"Mabelle Lopez"||"(358) 358-3125"||"ACN00001"||23.9||"1/11/2109"
"Jeffery"||"Washington"||"jeffery.washington"||"Jeffery.Washington@example.com"||"Jeffery Washington"||"(587) 273-9551"||"ACN00002"||90.26||"15/2/2042"
"Sean"||"Riley"||"sean.riley"||"Sean.Riley@example.com"||"Sean Riley"||"(754) 444-4496"||"ACN00002"||31.259999999999998||"21/1/2116"
"Marion"||"Curtis"||"marion.curtis"||"Marion.Curtis@example.com"||"Marion Curtis"||"(868) 657-3502"||"ACN00005"||34.32||"10/11/2091"
"Christian"||"White"||"christian.white"||"Christian.White@example.com"||"Christian White"||"(361) 611-4571"||"ACN00007"||84.02||"9/4/2113"
"Gordon"||"Dixon"||"gordon.dixon"||"Gordon.Dixon@example.com"||"Gordon Dixon"||"(557) 667-1847"||"ACN00002"||8.4||"12/6/2045"
"Harriet"||"Hicks"||"harriet.hicks"||"Harriet.Hicks@example.com"||"Harriet Hicks"||"(336) 702-5456"||"ACN00004"||45.620000000000005||"27/12/2072"
"Evelyn"||"Lawson"||"evelyn.lawson"||"Evelyn.Lawson@example.com"||"Evelyn Lawson"||"(425) 913-8106"||"ACN00007"||58.949999999999996||"10/1/2103"
"Betty"||"Burns"||"betty.burns"||"Betty.Burns@example.com"||"Betty Burns"||"(574) 727-2899"||"ACN00001"||78.75||"20/8/2030"
"Phillip"||"Garner"||"phillip.garner"||"Phillip.Garner@example.com"||"Phillip Garner"||"(276) 518-6566"||"ACN00007"||71.1||"15/9/2093"
"Susie"||"Simon"||"susie.simon"||"Susie.Simon@example.com"||"Susie Simon"||"(364) 746-8470"||"ACN00004"||19.08||"26/1/2082"
"Edna"||"Richardson"||"edna.richardson"||"Edna.Richardson@example.com"||"Edna Richardson"||"(946) 520-9964"||"ACN00007"||74.46000000000001||"3/2/2115"
"Vernon"||"Lambert"||"vernon.lambert"||"Vernon.Lambert@example.com"||"Vernon Lambert"||"(421) 664-3499"||"ACN00007"||69.6||"17/1/2114"
"Fred"||"Willis"||"fred.willis"||"Fred.Willis@example.com"||"Fred Willis"||"(486) 329-4855"||"ACN00001"||25.610000000000003||"5/8/2062"
"Stephen"||"Fisher"||"stephen.fisher"||"Stephen.Fisher@example.com"||"Stephen Fisher"||"(380) 414-9223"||"ACN00002"||8.139999999999999||"18/12/2018"
"Dollie"||"Harmon"||"dollie.harmon"||"Dollie.Harmon@example.com"||"Dollie Harmon"||"(209) 299-1187"||"ACN00006"||43.290000000000006||"22/2/2070"
"Joshua"||"Christensen"||"joshua.christensen"||"Joshua.Christensen@example.com"||"Joshua Christensen"||"(864) 319-2625"||"ACN00002"||78.83||"5/2/2069"
"Sophia"||"Yates"||"sophia.yates"||"Sophia.Yates@example.com"||"Sophia Yates"||"(400) 403-6493"||"ACN00007"||23.57||"28/5/2046"
"Rosa"||"Jenkins"||"rosa.jenkins"||"Rosa.Jenkins@example.com"||"Rosa Jenkins"||"(589) 691-9318"||"ACN00003"||31.73||"7/8/2040"
"Jeffrey"||"Palmer"||"jeffrey.palmer"||"Jeffrey.Palmer@example.com"||"Jeffrey Palmer"||"(948) 782-7930"||"ACN00003"||94.84||"16/2/2034"
"Chris"||"Silva"||"chris.silva"||"Chris.Silva@example.com"||"Chris Silva"||"(873) 504-4795"||"ACN00001"||21.130000000000003||"29/3/2067"
"Daniel"||"Welch"||"daniel.welch"||"Daniel.Welch@example.com"||"Daniel Welch"||"(378) 745-5763"||"ACN00002"||27.919999999999998||"17/5/2024"
"Russell"||"Arnold"||"russell.arnold"||"Russell.Arnold@example.com"||"Russell Arnold"||"(246) 781-4997"||"ACN00002"||87.75||"30/5/2091"
"Virginia"||"Ray"||"virginia.ray"||"Virginia.Ray@example.com"||"Virginia Ray"||"(414) 662-9552"||"ACN00003"||22.71||"11/4/2113"
"Phillip"||"Harmon"||"phillip.harmon"||"Phillip.Harmon@example.com"||"Phillip Harmon"||"(821) 776-4884"||"ACN00001"||32.49||"14/2/2112"
"Marie"||"Massey"||"marie.massey"||"Marie.Massey@example.com"||"Marie Massey"||"(508) 720-3488"||"ACN00003"||16.53||"19/11/2103"
"Stanley"||"Long"||"stanley.long"||"Stanley.Long@example.com"||"Stanley Long"||"(244) 849-7075"||"ACN00007"||18.810000000000002||"21/7/2071"
"Tillie"||"Greer"||"tillie.greer"||"Tillie.Greer@example.com"||"Tillie Greer"||"(365) 796-7233"||"ACN00006"||11.12||"23/9/2052"
"Sophie"||"Brooks"||"sophie.brooks"||"Sophie.Brooks@example.com"||"Sophie Brooks"||"(563) 873-2431"||"ACN00001"||23.97||"11/10/2028"
"Alejandro"||"Walsh"||"alejandro.walsh"||"Alejandro.Walsh@example.com"||"Alejandro Walsh"||"(488) 929-7705"||"ACN00002"||19.02||"17/6/2073"
"Della"||"Arnold"||"della.arnold"||"Della.Arnold@example.com"||"Della Arnold"||"(554) 557-1648"||"ACN00006"||9.93||"9/1/2081"
"Rosalie"||"Caldwell"||"rosalie.caldwell"||"Rosalie.Caldwell@example.com"||"Rosalie Caldwell"||"(208) 988-4446"||"ACN00004"||81.5||"20/1/2097"
"Maud"||"Greer"||"maud.greer"||"Maud.Greer@example.com"||"Maud Greer"||"(505) 214-9784"||"ACN00006"||22.959999999999997||"16/4/2022"
"Olive"||"Jordan"||"olive.jordan"||"Olive.Jordan@example.com"||"Olive Jordan"||"(742) 835-1578"||"ACN00004"||21.09||"3/11/2098"
"Callie"||"Gray"||"callie.gray"||"Callie.Gray@example.com"||"Callie Gray"||"(824) 934-5975"||"ACN00003"||11.82||"11/8/2116"
"Edith"||"Jennings"||"edith.jennings"||"Edith.Jennings@example.com"||"Edith Jennings"||"(737) 758-7591"||"ACN00004"||12.49||"2/3/2102"
"Ethel"||"Hunter"||"ethel.hunter"||"Ethel.Hunter@example.com"||"Ethel Hunter"||"(426) 534-6085"||"ACN00003"||12.729999999999999||"28/4/2112"
"Garrett"||"Rodriguez"||"garrett.rodriguez"||"Garrett.Rodriguez@example.com"||"Garrett Rodriguez"||"(409) 500-6240"||"ACN00003"||48.21||"4/12/2039"
"Kenneth"||"Flowers"||"kenneth.flowers"||"Kenneth.Flowers@example.com"||"Kenneth Flowers"||"(954) 501-2434"||"ACN00003"||90.36999999999999||"13/5/2064"
"Clara"||"Sandoval"||"clara.sandoval"||"Clara.Sandoval@example.com"||"Clara Sandoval"||"(320) 921-9113"||"ACN00005"||37.309999999999995||"24/4/2096"
"Sara"||"Mendoza"||"sara.mendoza"||"Sara.Mendoza@example.com"||"Sara Mendoza"||"(682) 409-4052"||"ACN00007"||0.59||"19/7/2051"
"Jayden"||"Becker"||"jayden.becker"||"Jayden.Becker@example.com"||"Jayden Becker"||"(220) 293-2675"||"ACN00006"||13.69||"16/11/2078"
"Mitchell"||"Black"||"mitchell.black"||"Mitchell.Black@example.com"||"Mitchell Black"||"(444) 623-3158"||"ACN00005"||45.28||"1/7/2106"
"Lewis"||"Ball"||"lewis.ball"||"Lewis.Ball@example.com"||"Lewis Ball"||"(630) 528-2173"||"ACN00004"||54.15||"14/3/2115"
"Trevor"||"Reese"||"trevor.reese"||"Trevor.Reese@example.com"||"Trevor Reese"||"(488) 931-5424"||"ACN00004"||100||"29/5/2044"
"Calvin"||"Moreno"||"calvin.moreno"||"Calvin.Moreno@example.com"||"Calvin Moreno"||"(935) 880-6056"||"ACN00007"||24.89||"16/7/2105"
"Brandon"||"Sullivan"||"brandon.sullivan"||"Brandon.Sullivan@example.com"||"Brandon Sullivan"||"(927) 945-6933"||"ACN00004"||93.03||"20/11/2051"
"Russell"||"Ryan"||"russell.ryan"||"Russell.Ryan@example.com"||"Russell Ryan"||"(810) 936-9951"||"ACN00005"||56.760000000000005||"18/5/2021"
"Pauline"||"Cummings"||"pauline.cummings"||"Pauline.Cummings@example.com"||"Pauline Cummings"||"(319) 679-7820"||"ACN00004"||0.34||"2/10/2037"
"Claudia"||"Riley"||"claudia.riley"||"Claudia.Riley@example.com"||"Claudia Riley"||"(781) 619-1418"||"ACN00004"||47.25||"10/4/2099"
"Eddie"||"Jordan"||"eddie.jordan"||"Eddie.Jordan@example.com"||"Eddie Jordan"||"(405) 512-9671"||"ACN00007"||49.790000000000006||"13/2/2030"
"Ronald"||"Casey"||"ronald.casey"||"Ronald.Casey@example.com"||"Ronald Casey"||"(611) 825-4825"||"ACN00002"||44.04||"5/8/2031"
"Ellen"||"Wilkins"||"ellen.wilkins"||"Ellen.Wilkins@example.com"||"Ellen Wilkins"||"(401) 656-9359"||"ACN00006"||68.03||"13/2/2019"
"Bertha"||"Leonard"||"bertha.leonard"||"Bertha.Leonard@example.com"||"Bertha Leonard"||"(844) 354-8122"||"ACN00004"||63.99||"18/5/2020"
"Elnora"||"Graham"||"elnora.graham"||"Elnora.Graham@example.com"||"Elnora Graham"||"(213) 405-1290"||"ACN00007"||1.08||"30/5/2052"
"Eugene"||"Jones"||"eugene.jones"||"Eugene.Jones@example.com"||"Eugene Jones"||"(744) 869-1335"||"ACN00002"||33.98||"18/3/2092"
"Harriett"||"Sparks"||"harriett.sparks"||"Harriett.Sparks@example.com"||"Harriett Sparks"||"(480) 969-8453"||"ACN00008"||7.31||"15/11/2085"
"Blanche"||"Kim"||"blanche.kim"||"Blanche.Kim@example.com"||"Blanche Kim"||"(610) 689-2575"||"ACN00008"||69.97||"3/12/2103"
"Brent"||"Hines"||"brent.hines"||"Brent.Hines@example.com"||"Brent Hines"||"(629) 813-2335"||"ACN00003"||72.05||"30/7/2045"
"Alice"||"Hill"||"alice.hill"||"Alice.Hill@example.com"||"Alice Hill"||"(977) 588-3765"||"ACN00007"||16.24||"26/3/2062"
"Sally"||"Perkins"||"sally.perkins"||"Sally.Perkins@example.com"||"Sally Perkins"||"(637) 775-2757"||"ACN00002"||70.46000000000001||"9/11/2064"
"Jorge"||"Stone"||"jorge.stone"||"Jorge.Stone@example.com"||"Jorge Stone"||"(760) 343-1166"||"ACN00003"||12.4||"18/2/2114"
"Ronnie"||"May"||"ronnie.may"||"Ronnie.May@example.com"||"Ronnie May"||"(970) 728-8772"||"ACN00007"||95.08||"13/8/2105"
"Douglas"||"Cole"||"douglas.cole"||"Douglas.Cole@example.com"||"Douglas Cole"||"(876) 409-4227"||"ACN00006"||31.5||"27/1/2058"
"Devin"||"Sims"||"devin.sims"||"Devin.Sims@example.com"||"Devin Sims"||"(340) 227-9540"||"ACN00003"||83.41000000000001||"15/10/2022"
"Edward"||"Richardson"||"edward.richardson"||"Edward.Richardson@example.com"||"Edward Richardson"||"(611) 562-8583"||"ACN00005"||62.06||"12/2/2049"
"Landon"||"Porter"||"landon.porter"||"Landon.Porter@example.com"||"Landon Porter"||"(278) 352-7812"||"ACN00006"||35.65||"17/6/2085"
"Chris"||"Park"||"chris.park"||"Chris.Park@example.com"||"Chris Park"||"(334) 344-7617"||"ACN00001"||41.08||"23/1/2096"
"Gregory"||"Barber"||"gregory.barber"||"Gregory.Barber@example.com"||"Gregory Barber"||"(837) 338-9443"||"ACN00003"||55.98||"14/6/2061"
"Derek"||"Soto"||"derek.soto"||"Derek.Soto@example.com"||"Derek Soto"||"(518) 521-3531"||"ACN00004"||53.58||"12/8/2019"
"Dora"||"Moreno"||"dora.moreno"||"Dora.Moreno@example.com"||"Dora Moreno"||"(649) 504-1299"||"ACN00007"||56.2||"30/5/2065"
"Catherine"||"Mills"||"catherine.mills"||"Catherine.Mills@example.com"||"Catherine Mills"||"(314) 742-4764"||"ACN00006"||92.35||"28/7/2047"
"Lucas"||"Garner"||"lucas.garner"||"Lucas.Garner@example.com"||"Lucas Garner"||"(856) 691-2783"||"ACN00008"||80.46000000000001||"6/7/2078"
"Mable"||"Maxwell"||"mable.maxwell"||"Mable.Maxwell@example.com"||"Mable Maxwell"||"(480) 348-3272"||"ACN00005"||69.28||"31/3/2105"
"Josie"||"Clayton"||"josie.clayton"||"Josie.Clayton@example.com"||"Josie Clayton"||"(570) 230-8041"||"ACN00007"||29.330000000000002||"30/7/2058"
"Arthur"||"Cooper"||"arthur.cooper"||"Arthur.Cooper@example.com"||"Arthur Cooper"||"(968) 956-4014"||"ACN00004"||12.82||"24/10/2068"
"Myrtie"||"Alvarez"||"myrtie.alvarez"||"Myrtie.Alvarez@example.com"||"Myrtie Alvarez"||"(910) 525-3290"||"ACN00007"||69.76||"3/8/2103"
"Jonathan"||"Thornton"||"jonathan.thornton"||"Jonathan.Thornton@example.com"||"Jonathan Thornton"||"(526) 798-8270"||"ACN00008"||58.59||"2/12/2100"
"Caleb"||"Goodman"||"caleb.goodman"||"Caleb.Goodman@example.com"||"Caleb Goodman"||"(685) 245-2236"||"ACN00006"||79.56||"16/1/2086"
"Hallie"||"Rivera"||"hallie.rivera"||"Hallie.Rivera@example.com"||"Hallie Rivera"||"(832) 956-3443"||"ACN00005"||63.4||"7/1/2089"
"Phillip"||"Norton"||"phillip.norton"||"Phillip.Norton@example.com"||"Phillip Norton"||"(402) 673-7218"||"ACN00005"||84.76||"25/2/2072"
"Madge"||"Graves"||"madge.graves"||"Madge.Graves@example.com"||"Madge Graves"||"(805) 255-1318"||"ACN00004"||95.53||"15/11/2053"
"Julian"||"Cruz"||"julian.cruz"||"Julian.Cruz@example.com"||"Julian Cruz"||"(879) 835-7469"||"ACN00001"||16.56||"25/11/2072"
"Bessie"||"Gilbert"||"bessie.gilbert"||"Bessie.Gilbert@example.com"||"Bessie Gilbert"||"(932) 847-3316"||"ACN00004"||36.87||"9/12/2106"
"Matthew"||"Dean"||"matthew.dean"||"Matthew.Dean@example.com"||"Matthew Dean"||"(979) 739-3141"||"ACN00004"||38.25||"4/8/2017"
"Hilda"||"Rhodes"||"hilda.rhodes"||"Hilda.Rhodes@example.com"||"Hilda Rhodes"||"(624) 896-9839"||"ACN00007"||92.71000000000001||"14/12/2084"
"Amanda"||"Gill"||"amanda.gill"||"Amanda.Gill@example.com"||"Amanda Gill"||"(585) 702-6894"||"ACN00003"||53.89||"19/9/2086"
"Callie"||"Ross"||"callie.ross"||"Callie.Ross@example.com"||"Callie Ross"||"(965) 944-7993"||"ACN00006"||18.32||"26/3/2070"
"Troy"||"Reid"||"troy.reid"||"Troy.Reid@example.com"||"Troy Reid"||"(777) 446-9947"||"ACN00006"||43.760000000000005||"27/1/2051"
"Lida"||"Paul"||"lida.paul"||"Lida.Paul@example.com"||"Lida Paul"||"(443) 902-3747"||"ACN00003"||77.97||"7/11/2097"
"Lura"||"Ball"||"lura.ball"||"Lura.Ball@example.com"||"Lura Ball"||"(356) 353-5008"||"ACN00001"||12.02||"5/7/2103"
"Gertrude"||"Kelly"||"gertrude.kelly"||"Gertrude.Kelly@example.com"||"Gertrude Kelly"||"(287) 488-2014"||"ACN00005"||27.979999999999997||"27/12/2029"
"Theodore"||"Nguyen"||"theodore.nguyen"||"Theodore.Nguyen@example.com"||"Theodore Nguyen"||"(456) 492-2222"||"ACN00002"||77.79||"21/10/2087"
"Verna"||"Dean"||"verna.dean"||"Verna.Dean@example.com"||"Verna Dean"||"(963) 251-3321"||"ACN00004"||0.12000000000000001||"18/5/2109"
"Marc"||"Nunez"||"marc.nunez"||"Marc.Nunez@example.com"||"Marc Nunez"||"(445) 995-6215"||"ACN00007"||91.23||"18/3/2058"
"Gilbert"||"Lucas"||"gilbert.lucas"||"Gilbert.Lucas@example.com"||"Gilbert Lucas"||"(419) 493-2143"||"ACN00003"||60.230000000000004||"1/2/2083"
"Howard"||"Patton"||"howard.patton"||"Howard.Patton@example.com"||"Howard Patton"||"(438) 820-9118"||"ACN00006"||75.49000000000001||"29/1/2108"
"Joseph"||"Robertson"||"joseph.robertson"||"Joseph.Robertson@example.com"||"Joseph Robertson"||"(468) 907-4890"||"ACN00005"||57.93||"27/6/2032"
"Tillie"||"Holloway"||"tillie.holloway"||"Tillie.Holloway@example.com"||"Tillie Holloway"||"(269) 550-8992"||"ACN00005"||79.3||"1/3/2063"
"Etta"||"Santos"||"etta.santos"||"Etta.Santos@example.com"||"Etta Santos"||"(830) 897-6636"||"ACN00002"||29.93||"22/11/2057"
"Don"||"Santos"||"don.santos"||"Don.Santos@example.com"||"Don Santos"||"(511) 550-3475"||"ACN00005"||97.39||"3/5/2102"
"Hattie"||"Ingram"||"hattie.ingram"||"Hattie.Ingram@example.com"||"Hattie Ingram"||"(807) 935-1894"||"ACN00008"||31.7||"24/10/2065"
"Craig"||"Taylor"||"craig.taylor"||"Craig.Taylor@example.com"||"Craig Taylor"||"(440) 937-8050"||"ACN00005"||49.349999999999994||"17/1/2048"
"Daisy"||"Guzman"||"daisy.guzman"||"Daisy.Guzman@example.com"||"Daisy Guzman"||"(662) 440-3308"||"ACN00004"||6.46||"9/12/2051"
"Micheal"||"Goodwin"||"micheal.goodwin"||"Micheal.Goodwin@example.com"||"Micheal Goodwin"||"(619) 349-3155"||"ACN00001"||22.150000000000002||"28/12/2106"
"Amelia"||"Malone"||"amelia.malone"||"Amelia.Malone@example.com"||"Amelia Malone"||"(352) 641-9783"||"ACN00002"||33.48||"3/6/2080"
"Dollie"||"Holloway"||"dollie.holloway"||"Dollie.Holloway@example.com"||"Dollie Holloway"||"(248) 994-4979"||"ACN00006"||70.74000000000001||"25/7/2101"
"Warren"||"Stokes"||"warren.stokes"||"Warren.Stokes@example.com"||"Warren Stokes"||"(810) 502-8214"||"ACN00005"||16.45||"21/1/2056"
"Amy"||"Ford"||"amy.ford"||"Amy.Ford@example.com"||"Amy Ford"||"(833) 766-8835"||"ACN00002"||78.28||"21/12/2042"
"Maude"||"Rodgers"||"maude.rodgers"||"Maude.Rodgers@example.com"||"Maude Rodgers"||"(485) 250-4208"||"ACN00003"||13.1||"13/12/2034"
"Theodore"||"Fisher"||"theodore.fisher"||"Theodore.Fisher@example.com"||"Theodore Fisher"||"(873) 445-6971"||"ACN00007"||18.89||"2/3/2114"
"Oscar"||"Hines"||"oscar.hines"||"Oscar.Hines@example.com"||"Oscar Hines"||"(663) 735-5566"||"ACN00007"||16.82||"8/3/2047"
"Phillip"||"Gardner"||"phillip.gardner"||"Phillip.Gardner@example.com"||"Phillip Gardner"||"(712) 665-4148"||"ACN00003"||19.1||"20/7/2105"
"Lester"||"Perez"||"lester.perez"||"Lester.Perez@example.com"||"Lester Perez"||"(756) 214-6078"||"ACN00004"||56.13||"23/4/2086"
"Lillian"||"Watts"||"lillian.watts"||"Lillian.Watts@example.com"||"Lillian Watts"||"(585) 376-4204"||"ACN00003"||97.06||"15/2/2022"
"Nathan"||"Goodman"||"nathan.goodman"||"Nathan.Goodman@example.com"||"Nathan Goodman"||"(717) 587-9818"||"ACN00008"||34.61||"18/9/2024"
"Pearl"||"Mendoza"||"pearl.mendoza"||"Pearl.Mendoza@example.com"||"Pearl Mendoza"||"(988) 849-3059"||"ACN00006"||56.379999999999995||"22/1/2089"
"Clyde"||"Williams"||"clyde.williams"||"Clyde.Williams@example.com"||"Clyde Williams"||"(305) 446-3125"||"ACN00007"||34.99||"22/6/2084"
"Chris"||"Austin"||"chris.austin"||"Chris.Austin@example.com"||"Chris Austin"||"(404) 686-8025"||"ACN00006"||18.49||"12/1/2074"
"Lora"||"May"||"lora.may"||"Lora.May@example.com"||"Lora May"||"(817) 889-2594"||"ACN00003"||67.72||"28/2/2073"
"Dollie"||"Guerrero"||"dollie.guerrero"||"Dollie.Guerrero@example.com"||"Dollie Guerrero"||"(901) 202-1025"||"ACN00008"||40.309999999999995||"6/7/2017"
"Katie"||"Richardson"||"katie.richardson"||"Katie.Richardson@example.com"||"Katie Richardson"||"(562) 560-7410"||"ACN00006"||69.75||"11/5/2090"
"Noah"||"Keller"||"noah.keller"||"Noah.Keller@example.com"||"Noah Keller"||"(477) 628-7082"||"ACN00003"||57.87||"17/7/2062"
"Eugenia"||"Stevens"||"eugenia.stevens"||"Eugenia.Stevens@example.com"||"Eugenia Stevens"||"(915) 494-5376"||"ACN00003"||73.67999999999999||"4/1/2056"
"Norman"||"Bell"||"norman.bell"||"Norman.Bell@example.com"||"Norman Bell"||"(203) 490-8863"||"ACN00007"||49.17||"17/5/2046"
"Helena"||"Greer"||"helena.greer"||"Helena.Greer@example.com"||"Helena Greer"||"(978) 921-7474"||"ACN00005"||64.98||"2/5/2099"
"Marion"||"Garcia"||"marion.garcia"||"Marion.Garcia@example.com"||"Marion Garcia"||"(512) 722-8417"||"ACN00001"||18.77||"30/7/2062"
"Carlos"||"Hanson"||"carlos.hanson"||"Carlos.Hanson@example.com"||"Carlos Hanson"||"(616) 439-4916"||"ACN00002"||82.43||"17/1/2070"
"Jacob"||"Rivera"||"jacob.rivera"||"Jacob.Rivera@example.com"||"Jacob Rivera"||"(566) 340-1571"||"ACN00007"||51.379999999999995||"5/6/2041"
"Brent"||"Burton"||"brent.burton"||"Brent.Burton@example.com"||"Brent Burton"||"(832) 600-4690"||"ACN00006"||72.19||"6/9/2097"
"Bertha"||"Patterson"||"bertha.patterson"||"Bertha.Patterson@example.com"||"Bertha Patterson"||"(674) 665-1997"||"ACN00005"||72.17999999999999||"2/10/2094"
"Jorge"||"Price"||"jorge.price"||"Jorge.Price@example.com"||"Jorge Price"||"(332) 929-7577"||"ACN00003"||53.839999999999996||"19/12/2040"
"Brent"||"Erickson"||"brent.erickson"||"Brent.Erickson@example.com"||"Brent Erickson"||"(271) 573-2200"||"ACN00001"||62.790000000000006||"18/6/2058"
"Ruth"||"Newman"||"ruth.newman"||"Ruth.Newman@example.com"||"Ruth Newman"||"(909) 664-8325"||"ACN00002"||64.56||"1/2/2111"
"Stella"||"Houston"||"stella.houston"||"Stella.Houston@example.com"||"Stella Houston"||"(556) 615-8960"||"ACN00001"||29.650000000000002||"27/7/2066"
"Corey"||"Martinez"||"corey.martinez"||"Corey.Martinez@example.com"||"Corey Martinez"||"(721) 391-1958"||"ACN00001"||61.809999999999995||"4/4/2090"
"Henry"||"Moody"||"henry.moody"||"Henry.Moody@example.com"||"Henry Moody"||"(939) 483-6391"||"ACN00007"||36.5||"23/9/2073"
"Louise"||"Tate"||"louise.tate"||"Louise.Tate@example.com"||"Louise Tate"||"(972) 297-7004"||"ACN00004"||71.79||"12/11/2030"
"Victoria"||"Bryant"||"victoria.bryant"||"Victoria.Bryant@example.com"||"Victoria Bryant"||"(586) 290-7863"||"ACN00004"||69.8||"25/5/2035"
"Eunice"||"Kelley"||"eunice.kelley"||"Eunice.Kelley@example.com"||"Eunice Kelley"||"(724) 757-2732"||"ACN00004"||97.71000000000001||"31/8/2088"
"Michael"||"Logan"||"michael.logan"||"Michael.Logan@example.com"||"Michael Logan"||"(310) 503-2882"||"ACN00005"||22.25||"6/8/2039"
"Milton"||"Collier"||"milton.collier"||"Milton.Collier@example.com"||"Milton Collier"||"(662) 597-4746"||"ACN00006"||35.9||"20/3/2055"
"Teresa"||"Lucas"||"teresa.lucas"||"Teresa.Lucas@example.com"||"Teresa Lucas"||"(720) 796-3818"||"ACN00006"||1.7200000000000002||"27/2/2048"
"Eva"||"Henry"||"eva.henry"||"Eva.Henry@example.com"||"Eva Henry"||"(902) 250-5796"||"ACN00007"||88.61999999999999||"7/3/2024"
"Nina"||"Farmer"||"nina.farmer"||"Nina.Farmer@example.com"||"Nina Farmer"||"(835) 514-8551"||"ACN00001"||40.11||"5/2/2093"
"Cornelia"||"Ortega"||"cornelia.ortega"||"Cornelia.Ortega@example.com"||"Cornelia Ortega"||"(667) 864-4912"||"ACN00008"||75.86||"13/9/2077"
"Gary"||"Pittman"||"gary.pittman"||"Gary.Pittman@example.com"||"Gary Pittman"||"(357) 591-7261"||"ACN00005"||56.55||"21/9/2037"
"Tommy"||"Perez"||"tommy.perez"||"Tommy.Perez@example.com"||"Tommy Perez"||"(764) 759-1134"||"ACN00005"||72.36999999999999||"12/10/2050"
"Fannie"||"Moran"||"fannie.moran"||"Fannie.Moran@example.com"||"Fannie Moran"||"(327) 883-8984"||"ACN00004"||56.59||"27/7/2052"
"Loretta"||"Griffith"||"loretta.griffith"||"Loretta.Griffith@example.com"||"Loretta Griffith"||"(470) 667-6085"||"ACN00006"||11.91||"4/8/2103"
"Russell"||"Townsend"||"russell.townsend"||"Russell.Townsend@example.com"||"Russell Townsend"||"(843) 244-4653"||"ACN00008"||59.720000000000006||"2/11/2102"
"Ruby"||"Sutton"||"ruby.sutton"||"Ruby.Sutton@example.com"||"Ruby Sutton"||"(927) 940-3678"||"ACN00002"||95.55||"5/10/2072"
"Ophelia"||"Doyle"||"ophelia.doyle"||"Ophelia.Doyle@example.com"||"Ophelia Doyle"||"(765) 961-4174"||"ACN00002"||18.55||"4/12/2108"
"Gertrude"||"Harper"||"gertrude.harper"||"Gertrude.Harper@example.com"||"Gertrude Harper"||"(437) 849-5913"||"ACN00003"||29.91||"28/7/2052"
"Dylan"||"Duncan"||"dylan.duncan"||"Dylan.Duncan@example.com"||"Dylan Duncan"||"(352) 917-1561"||"ACN00005"||52.449999999999996||"23/1/2076"
"Leroy"||"Allen"||"leroy.allen"||"Leroy.Allen@example.com"||"Leroy Allen"||"(212) 374-3122"||"ACN00002"||92.5||"7/3/2065"
"Virginia"||"Maldonado"||"virginia.maldonado"||"Virginia.Maldonado@example.com"||"Virginia Maldonado"||"(521) 677-7066"||"ACN00001"||67.9||"29/9/2064"
"Hannah"||"Romero"||"hannah.romero"||"Hannah.Romero@example.com"||"Hannah Romero"||"(353) 565-3927"||"ACN00003"||38.39||"9/1/2088"
"Joshua"||"Mills"||"joshua.mills"||"Joshua.Mills@example.com"||"Joshua Mills"||"(364) 369-7253"||"ACN00002"||46.48||"17/1/2029"
"Landon"||"Doyle"||"landon.doyle"||"Landon.Doyle@example.com"||"Landon Doyle"||"(502) 740-7587"||"ACN00005"||19.25||"3/8/2088"
"Calvin"||"Reeves"||"calvin.reeves"||"Calvin.Reeves@example.com"||"Calvin Reeves"||"(408) 732-2610"||"ACN00002"||26.3||"25/7/2062"
"Virginia"||"Collins"||"virginia.collins"||"Virginia.Collins@example.com"||"Virginia Collins"||"(726) 956-7519"||"ACN00004"||48.220000000000006||"18/12/2040"
"Martha"||"Matthews"||"martha.matthews"||"Martha.Matthews@example.com"||"Martha Matthews"||"(563) 262-4198"||"ACN00008"||0.32000000000000006||"6/11/2114"
"Mattie"||"Drake"||"mattie.drake"||"Mattie.Drake@example.com"||"Mattie Drake"||"(529) 418-7570"||"ACN00006"||50.21||"10/4/2055"
"Mattie"||"McKenzie"||"mattie.mckenzie"||"Mattie.McKenzie@example.com"||"Mattie McKenzie"||"(600) 481-5092"||"ACN00008"||87.29||"29/9/2104"
"Essie"||"Reid"||"essie.reid"||"Essie.Reid@example.com"||"Essie Reid"||"(402) 463-3425"||"ACN00002"||61.68||"18/6/2110"
"Fannie"||"Rivera"||"fannie.rivera"||"Fannie.Rivera@example.com"||"Fannie Rivera"||"(681) 754-9013"||"ACN00006"||16.87||"28/8/2022"
"Lena"||"Mann"||"lena.mann"||"Lena.Mann@example.com"||"Lena Mann"||"(286) 281-6196"||"ACN00008"||92.99000000000001||"1/5/2038"
"Christopher"||"Parks"||"christopher.parks"||"Christopher.Parks@example.com"||"Christopher Parks"||"(435) 276-1485"||"ACN00004"||37.55||"23/10/2038"
"Isabelle"||"Ball"||"isabelle.ball"||"Isabelle.Ball@example.com"||"Isabelle Ball"||"(488) 898-7828"||"ACN00003"||59.53||"20/3/2023"
"Charlie"||"Webster"||"charlie.webster"||"Charlie.Webster@example.com"||"Charlie Webster"||"(846) 938-4056"||"ACN00002"||6.04||"30/9/2062"
"Jean"||"Tucker"||"jean.tucker"||"Jean.Tucker@example.com"||"Jean Tucker"||"(979) 276-9892"||"ACN00007"||27.02||"7/9/2088"
"Louise"||"Hodges"||"louise.hodges"||"Louise.Hodges@example.com"||"Louise Hodges"||"(973) 410-4694"||"ACN00006"||91.89||"22/12/2087"
"Joel"||"Lloyd"||"joel.lloyd"||"Joel.Lloyd@example.com"||"Joel Lloyd"||"(673) 439-5197"||"ACN00006"||72.92||"21/3/2110"
"Sara"||"Campbell"||"sara.campbell"||"Sara.Campbell@example.com"||"Sara Campbell"||"(326) 628-1908"||"ACN00006"||18.69||"2/11/2055"
"Clyde"||"Pearson"||"clyde.pearson"||"Clyde.Pearson@example.com"||"Clyde Pearson"||"(351) 206-3843"||"ACN00001"||55.760000000000005||"19/2/2032"
"Janie"||"Sullivan"||"janie.sullivan"||"Janie.Sullivan@example.com"||"Janie Sullivan"||"(902) 201-8857"||"ACN00002"||45.839999999999996||"25/4/2051"
"Lola"||"Allen"||"lola.allen"||"Lola.Allen@example.com"||"Lola Allen"||"(529) 366-1784"||"ACN00008"||70.7||"2/11/2017"
"Anne"||"White"||"anne.white"||"Anne.White@example.com"||"Anne White"||"(278) 574-9282"||"ACN00005"||70.71000000000001||"9/3/2106"
"Ian"||"Stanley"||"ian.stanley"||"Ian.Stanley@example.com"||"Ian Stanley"||"(823) 745-3424"||"ACN00004"||21.43||"10/12/2048"
"Alma"||"Baldwin"||"alma.baldwin"||"Alma.Baldwin@example.com"||"Alma Baldwin"||"(614) 510-1010"||"ACN00006"||20.57||"13/10/2043"
"Mary"||"Grant"||"mary.grant"||"Mary.Grant@example.com"||"Mary Grant"||"(518) 790-1095"||"ACN00002"||65.67999999999999||"29/7/2024"
"Jim"||"Mack"||"jim.mack"||"Jim.Mack@example.com"||"Jim Mack"||"(622) 536-2780"||"ACN00003"||26.79||"27/12/2064"
"Elsie"||"Torres"||"elsie.torres"||"Elsie.Torres@example.com"||"Elsie Torres"||"(874) 764-2225"||"ACN00006"||1.81||"2/10/2085"
"Jacob"||"Moody"||"jacob.moody"||"Jacob.Moody@example.com"||"Jacob Moody"||"(264) 512-4075"||"ACN00002"||81.19||"27/1/2062"
"Sophie"||"Webb"||"sophie.webb"||"Sophie.Webb@example.com"||"Sophie Webb"||"(754) 890-6828"||"ACN00006"||6.29||"24/3/2064"
"Annie"||"Collier"||"annie.collier"||"Annie.Collier@example.com"||"Annie Collier"||"(317) 366-4136"||"ACN00001"||74.85||"30/10/2078"
"Trevor"||"Floyd"||"trevor.floyd"||"Trevor.Floyd@example.com"||"Trevor Floyd"||"(804) 512-9057"||"ACN00003"||6.76||"7/1/2078"
"Gene"||"Bradley"||"gene.bradley"||"Gene.Bradley@example.com"||"Gene Bradley"||"(953) 550-5440"||"ACN00001"||67.05||"1/8/2057"
"Alice"||"Ortega"||"alice.ortega"||"Alice.Ortega@example.com"||"Alice Ortega"||"(567) 264-7559"||"ACN00004"||71.26||"6/1/2084"
"Esther"||"McCarthy"||"esther.mccarthy"||"Esther.McCarthy@example.com"||"Esther McCarthy"||"(707) 575-6134"||"ACN00008"||1.1||"14/9/2020"
"Christopher"||"Fisher"||"christopher.fisher"||"Christopher.Fisher@example.com"||"Christopher Fisher"||"(741) 224-5160"||"ACN00005"||46.64||"7/2/2043"
"Josephine"||"Estrada"||"josephine.estrada"||"Josephine.Estrada@example.com"||"Josephine Estrada"||"(311) 999-9904"||"ACN00007"||46.99||"27/12/2088"
"Gregory"||"Bridges"||"gregory.bridges"||"Gregory.Bridges@example.com"||"Gregory Bridges"||"(514) 339-4733"||"ACN00005"||3.96||"9/6/2078"
"Frederick"||"Evans"||"frederick.evans"||"Frederick.Evans@example.com"||"Frederick Evans"||"(369) 699-5251"||"ACN00005"||64.8||"12/2/2024"
"Gavin"||"Carpenter"||"gavin.carpenter"||"Gavin.Carpenter@example.com"||"Gavin Carpenter"||"(470) 483-3924"||"ACN00006"||36.02||"12/12/2043"
"Rosetta"||"Evans"||"rosetta.evans"||"Rosetta.Evans@example.com"||"Rosetta Evans"||"(300) 796-7829"||"ACN00004"||52.55||"20/10/2109"
"Emma"||"Singleton"||"emma.singleton"||"Emma.Singleton@example.com"||"Emma Singleton"||"(928) 454-4021"||"ACN00006"||70.19||"24/11/2114"
"Eunice"||"Buchanan"||"eunice.buchanan"||"Eunice.Buchanan@example.com"||"Eunice Buchanan"||"(835) 378-8111"||"ACN00004"||76.79||"12/2/2091"
"Lydia"||"Harmon"||"lydia.harmon"||"Lydia.Harmon@example.com"||"Lydia Harmon"||"(966) 841-9391"||"ACN00004"||18.650000000000002||"28/1/2091"
"Louise"||"Warren"||"louise.warren"||"Louise.Warren@example.com"||"Louise Warren"||"(525) 691-7147"||"ACN00005"||86.66||"2/11/2107"
"Brandon"||"Parks"||"brandon.parks"||"Brandon.Parks@example.com"||"Brandon Parks"||"(627) 873-9996"||"ACN00002"||85.39||"6/1/2094"
"Micheal"||"Cunningham"||"micheal.cunningham"||"Micheal.Cunningham@example.com"||"Micheal Cunningham"||"(205) 819-3810"||"ACN00007"||63.98||"25/2/2066"
"Matthew"||"Vaughn"||"matthew.vaughn"||"Matthew.Vaughn@example.com"||"Matthew Vaughn"||"(668) 330-3844"||"ACN00006"||13.8||"8/9/2069"
"Delia"||"Wong"||"delia.wong"||"Delia.Wong@example.com"||"Delia Wong"||"(984) 743-2598"||"ACN00007"||75.88||"2/12/2038"
"Ronnie"||"Hopkins"||"ronnie.hopkins"||"Ronnie.Hopkins@example.com"||"Ronnie Hopkins"||"(817) 894-8670"||"ACN00006"||65.24000000000001||"14/4/2052"
"Michael"||"McCoy"||"michael.mccoy"||"Michael.McCoy@example.com"||"Michael McCoy"||"(907) 702-5156"||"ACN00002"||50.54||"13/1/2066"
"Millie"||"Payne"||"millie.payne"||"Millie.Payne@example.com"||"Millie Payne"||"(236) 465-9649"||"ACN00007"||54.51||"28/3/2033"
"Genevieve"||"Hines"||"genevieve.hines"||"Genevieve.Hines@example.com"||"Genevieve Hines"||"(867) 976-3447"||"ACN00007"||56.82||"10/11/2092"
"Beatrice"||"Colon"||"beatrice.colon"||"Beatrice.Colon@example.com"||"Beatrice Colon"||"(826) 960-7569"||"ACN00001"||51.03||"3/2/2100"
"Olga"||"Cross"||"olga.cross"||"Olga.Cross@example.com"||"Olga Cross"||"(861) 421-8781"||"ACN00004"||84.72||"15/3/2025"
"Alta"||"Peterson"||"alta.peterson"||"Alta.Peterson@example.com"||"Alta Peterson"||"(463) 240-1965"||"ACN00003"||20.2||"19/9/2031"
"Ethan"||"Patterson"||"ethan.patterson"||"Ethan.Patterson@example.com"||"Ethan Patterson"||"(419) 833-9324"||"ACN00004"||94.36999999999999||"12/8/2071"
"Lela"||"Price"||"lela.price"||"Lela.Price@example.com"||"Lela Price"||"(976) 683-7443"||"ACN00002"||48.730000000000004||"28/7/2104"
"Ola"||"Warner"||"ola.warner"||"Ola.Warner@example.com"||"Ola Warner"||"(939) 460-6364"||"ACN00008"||61.71||"3/10/2101"
"Brian"||"Martinez"||"brian.martinez"||"Brian.Martinez@example.com"||"Brian Martinez"||"(934) 680-9910"||"ACN00007"||43.75||"19/1/2068"
"Amy"||"Turner"||"amy.turner"||"Amy.Turner@example.com"||"Amy Turner"||"(888) 725-4586"||"ACN00005"||83.9||"13/10/2037"
"Rhoda"||"Baldwin"||"rhoda.baldwin"||"Rhoda.Baldwin@example.com"||"Rhoda Baldwin"||"(679) 525-8415"||"ACN00006"||60.96||"18/1/2052"
"Mittie"||"Francis"||"mittie.francis"||"Mittie.Francis@example.com"||"Mittie Francis"||"(842) 804-6966"||"ACN00006"||59.660000000000004||"8/2/2113"
"Flora"||"Reid"||"flora.reid"||"Flora.Reid@example.com"||"Flora Reid"||"(662) 876-2430"||"ACN00004"||99.14||"30/7/2074"
"Alex"||"Maldonado"||"alex.maldonado"||"Alex.Maldonado@example.com"||"Alex Maldonado"||"(524) 427-7811"||"ACN00006"||1.56||"25/1/2084"
"Francisco"||"Patton"||"francisco.patton"||"Francisco.Patton@example.com"||"Francisco Patton"||"(757) 626-6474"||"ACN00007"||49.47||"7/4/2048"
"Bertha"||"Garza"||"bertha.garza"||"Bertha.Garza@example.com"||"Bertha Garza"||"(867) 403-7750"||"ACN00002"||63.449999999999996||"12/9/2034"
"Nell"||"Huff"||"nell.huff"||"Nell.Huff@example.com"||"Nell Huff"||"(964) 947-9082"||"ACN00001"||50.339999999999996||"22/11/2085"
"Alan"||"Andrews"||"alan.andrews"||"Alan.Andrews@example.com"||"Alan Andrews"||"(845) 739-3730"||"ACN00006"||59.230000000000004||"17/10/2069"
"Amanda"||"Chambers"||"amanda.chambers"||"Amanda.Chambers@example.com"||"Amanda Chambers"||"(649) 589-4964"||"ACN00002"||12.6||"9/11/2068"
"Sam"||"Warren"||"sam.warren"||"Sam.Warren@example.com"||"Sam Warren"||"(747) 753-6695"||"ACN00004"||12.47||"5/12/2081"
"Luis"||"Quinn"||"luis.quinn"||"Luis.Quinn@example.com"||"Luis Quinn"||"(263) 584-7554"||"ACN00001"||90.8||"23/2/2105"
"Alex"||"Pratt"||"alex.pratt"||"Alex.Pratt@example.com"||"Alex Pratt"||"(502) 671-3635"||"ACN00001"||50.05||"19/5/2033"
"Eddie"||"Craig"||"eddie.craig"||"Eddie.Craig@example.com"||"Eddie Craig"||"(832) 753-2026"||"ACN00003"||22.17||"30/12/2025"
"Kate"||"Snyder"||"kate.snyder"||"Kate.Snyder@example.com"||"Kate Snyder"||"(367) 701-5586"||"ACN00006"||46.75||"25/9/2057"
"Cory"||"Lamb"||"cory.lamb"||"Cory.Lamb@example.com"||"Cory Lamb"||"(386) 237-6055"||"ACN00002"||30.419999999999998||"28/8/2114"
"Bill"||"Bridges"||"bill.bridges"||"Bill.Bridges@example.com"||"Bill Bridges"||"(948) 634-3827"||"ACN00007"||12.2||"10/7/2034"
"Leona"||"Terry"||"leona.terry"||"Leona.Terry@example.com"||"Leona Terry"||"(636) 695-4341"||"ACN00006"||62.55||"2/2/2035"
"Cordelia"||"Goodwin"||"cordelia.goodwin"||"Cordelia.Goodwin@example.com"||"Cordelia Goodwin"||"(278) 741-2582"||"ACN00001"||46.290000000000006||"23/9/2032"
"Eddie"||"Stewart"||"eddie.stewart"||"Eddie.Stewart@example.com"||"Eddie Stewart"||"(265) 745-9493"||"ACN00006"||10.09||"26/1/2023"
"Gregory"||"Castillo"||"gregory.castillo"||"Gregory.Castillo@example.com"||"Gregory Castillo"||"(237) 857-4339"||"ACN00008"||54.63||"21/11/2028"
"Kyle"||"Castro"||"kyle.castro"||"Kyle.Castro@example.com"||"Kyle Castro"||"(747) 990-3801"||"ACN00002"||77.31||"25/11/2055"
"Micheal"||"Pittman"||"micheal.pittman"||"Micheal.Pittman@example.com"||"Micheal Pittman"||"(328) 457-7552"||"ACN00001"||93.51||"27/1/2045"
"Addie"||"Gray"||"addie.gray"||"Addie.Gray@example.com"||"Addie Gray"||"(261) 697-3027"||"ACN00006"||90.77||"29/12/2086"
"Harry"||"Hardy"||"harry.hardy"||"Harry.Hardy@example.com"||"Harry Hardy"||"(502) 318-4183"||"ACN00007"||7.7700000000000005||"23/4/2055"
"Leroy"||"Klein"||"leroy.klein"||"Leroy.Klein@example.com"||"Leroy Klein"||"(831) 557-6964"||"ACN00007"||17.259999999999998||"21/9/2101"
"Jackson"||"Franklin"||"jackson.franklin"||"Jackson.Franklin@example.com"||"Jackson Franklin"||"(307) 880-1267"||"ACN00003"||70.47||"2/8/2107"
"Marie"||"Patton"||"marie.patton"||"Marie.Patton@example.com"||"Marie Patton"||"(517) 416-6171"||"ACN00003"||39.660000000000004||"2/4/2044"
"Howard"||"Brooks"||"howard.brooks"||"Howard.Brooks@example.com"||"Howard Brooks"||"(377) 545-2612"||"ACN00007"||38.309999999999995||"28/12/2076"
"Brandon"||"Castillo"||"brandon.castillo"||"Brandon.Castillo@example.com"||"Brandon Castillo"||"(912) 415-3506"||"ACN00007"||21.72||"16/8/2049"
"Ray"||"Elliott"||"ray.elliott"||"Ray.Elliott@example.com"||"Ray Elliott"||"(834) 879-6262"||"ACN00002"||7.26||"18/4/2050"
"Addie"||"Elliott"||"addie.elliott"||"Addie.Elliott@example.com"||"Addie Elliott"||"(574) 302-4894"||"ACN00005"||30.89||"22/1/2097"
"Augusta"||"Cruz"||"augusta.cruz"||"Augusta.Cruz@example.com"||"Augusta Cruz"||"(254) 649-8049"||"ACN00008"||33.49||"22/12/2093"
"Keith"||"McGee"||"keith.mcgee"||"Keith.McGee@example.com"||"Keith McGee"||"(478) 725-8469"||"ACN00006"||66.35||"27/8/2036"
"Flora"||"Jimenez"||"flora.jimenez"||"Flora.Jimenez@example.com"||"Flora Jimenez"||"(966) 559-6981"||"ACN00001"||13.239999999999998||"14/8/2029"
"Robert"||"Benson"||"robert.benson"||"Robert.Benson@example.com"||"Robert Benson"||"(415) 424-3869"||"ACN00005"||2.46||"21/12/2033"
"Nathaniel"||"Bradley"||"nathaniel.bradley"||"Nathaniel.Bradley@example.com"||"Nathaniel Bradley"||"(760) 836-7093"||"ACN00006"||27.37||"13/6/2115"
"Robert"||"Roy"||"robert.roy"||"Robert.Roy@example.com"||"Robert Roy"||"(582) 800-2496"||"ACN00005"||63.809999999999995||"18/8/2076"
"Wayne"||"Frank"||"wayne.frank"||"Wayne.Frank@example.com"||"Wayne Frank"||"(503) 820-5040"||"ACN00007"||69.4||"6/8/2023"
"Ina"||"Schmidt"||"ina.schmidt"||"Ina.Schmidt@example.com"||"Ina Schmidt"||"(537) 640-7332"||"ACN00003"||44.82||"12/10/2104"
"Eula"||"Torres"||"eula.torres"||"Eula.Torres@example.com"||"Eula Torres"||"(662) 327-5379"||"ACN00002"||5.56||"14/9/2029"
"Virginia"||"Carson"||"virginia.carson"||"Virginia.Carson@example.com"||"Virginia Carson"||"(952) 569-8861"||"ACN00003"||87.76||"25/12/2081"
"Ricardo"||"Blake"||"ricardo.blake"||"Ricardo.Blake@example.com"||"Ricardo Blake"||"(278) 383-6093"||"ACN00008"||23.32||"6/11/2018"
"Cecilia"||"Watts"||"cecilia.watts"||"Cecilia.Watts@example.com"||"Cecilia Watts"||"(800) 218-5886"||"ACN00004"||71.88||"13/3/2093"
"Connor"||"Sanders"||"connor.sanders"||"Connor.Sanders@example.com"||"Connor Sanders"||"(939) 510-9458"||"ACN00002"||65.83||"29/5/2052"
"Beatrice"||"Potter"||"beatrice.potter"||"Beatrice.Potter@example.com"||"Beatrice Potter"||"(206) 243-6281"||"ACN00007"||64.43||"25/4/2048"
"Paul"||"Owen"||"paul.owen"||"Paul.Owen@example.com"||"Paul Owen"||"(669) 583-4851"||"ACN00006"||22.62||"10/3/2102"
"Jose"||"Clark"||"jose.clark"||"Jose.Clark@example.com"||"Jose Clark"||"(424) 702-8203"||"ACN00008"||26.22||"12/5/2057"
"Allen"||"Dawson"||"allen.dawson"||"Allen.Dawson@example.com"||"Allen Dawson"||"(484) 809-4946"||"ACN00001"||35.41||"11/9/2075"
"Sue"||"Ruiz"||"sue.ruiz"||"Sue.Ruiz@example.com"||"Sue Ruiz"||"(255) 699-2721"||"ACN00003"||58.220000000000006||"17/5/2097"
"Martha"||"Simon"||"martha.simon"||"Martha.Simon@example.com"||"Martha Simon"||"(437) 262-9154"||"ACN00008"||31.85||"11/9/2116"
"Genevieve"||"Hunt"||"genevieve.hunt"||"Genevieve.Hunt@example.com"||"Genevieve Hunt"||"(228) 495-4282"||"ACN00002"||28.9||"25/12/2097"
"Vernon"||"Marshall"||"vernon.marshall"||"Vernon.Marshall@example.com"||"Vernon Marshall"||"(413) 354-5082"||"ACN00005"||89.86||"24/6/2071"
"Lucy"||"Marsh"||"lucy.marsh"||"Lucy.Marsh@example.com"||"Lucy Marsh"||"(845) 689-6727"||"ACN00007"||11.03||"29/8/2023"
"Estella"||"Newman"||"estella.newman"||"Estella.Newman@example.com"||"Estella Newman"||"(513) 636-7480"||"ACN00008"||41.51||"30/1/2017"
"Blanche"||"Barnett"||"blanche.barnett"||"Blanche.Barnett@example.com"||"Blanche Barnett"||"(621) 834-2343"||"ACN00005"||23.479999999999997||"7/12/2044"
"Jennie"||"Parker"||"jennie.parker"||"Jennie.Parker@example.com"||"Jennie Parker"||"(841) 869-7311"||"ACN00002"||34.43||"4/6/2083"
"Austin"||"Alexander"||"austin.alexander"||"Austin.Alexander@example.com"||"Austin Alexander"||"(475) 755-1412"||"ACN00002"||75.64999999999999||"9/2/2049"
"Jackson"||"Logan"||"jackson.logan"||"Jackson.Logan@example.com"||"Jackson Logan"||"(919) 658-4844"||"ACN00001"||99.76||"2/10/2030"
"James"||"Fleming"||"james.fleming"||"James.Fleming@example.com"||"James Fleming"||"(350) 217-4988"||"ACN00004"||58.89||"20/1/2112"
"Ryan"||"Ramos"||"ryan.ramos"||"Ryan.Ramos@example.com"||"Ryan Ramos"||"(968) 635-2708"||"ACN00008"||31.14||"23/7/2054"
"Nannie"||"Wagner"||"nannie.wagner"||"Nannie.Wagner@example.com"||"Nannie Wagner"||"(444) 960-9747"||"ACN00007"||25.43||"16/2/2049"
"Helen"||"McGuire"||"helen.mcguire"||"Helen.McGuire@example.com"||"Helen McGuire"||"(606) 772-6184"||"ACN00007"||43.78||"31/5/2057"
"Sallie"||"Bates"||"sallie.bates"||"Sallie.Bates@example.com"||"Sallie Bates"||"(304) 324-6065"||"ACN00008"||16.59||"24/3/2042"
"Lula"||"Conner"||"lula.conner"||"Lula.Conner@example.com"||"Lula Conner"||"(378) 744-2328"||"ACN00002"||68.61||"6/10/2050"
"Roy"||"Fernandez"||"roy.fernandez"||"Roy.Fernandez@example.com"||"Roy Fernandez"||"(583) 887-9051"||"ACN00006"||21.8||"8/12/2021"
"Donald"||"Collier"||"donald.collier"||"Donald.Collier@example.com"||"Donald Collier"||"(438) 330-2995"||"ACN00005"||58.449999999999996||"31/5/2081"
"Johnny"||"Francis"||"johnny.francis"||"Johnny.Francis@example.com"||"Johnny Francis"||"(843) 208-2151"||"ACN00001"||61.53||"23/7/2073"
"George"||"Young"||"george.young"||"George.Young@example.com"||"George Young"||"(653) 888-2756"||"ACN00006"||6.02||"30/12/2106"
"Sallie"||"Cunningham"||"sallie.cunningham"||"Sallie.Cunningham@example.com"||"Sallie Cunningham"||"(713) 813-1099"||"ACN00003"||71.34||"12/7/2103"
"Steve"||"Schultz"||"steve.schultz"||"Steve.Schultz@example.com"||"Steve Schultz"||"(468) 831-8960"||"ACN00003"||42.83||"20/9/2054"
"Rosa"||"Matthews"||"rosa.matthews"||"Rosa.Matthews@example.com"||"Rosa Matthews"||"(651) 567-3651"||"ACN00006"||95.67999999999999||"25/12/2112"
"Gertrude"||"Gilbert"||"gertrude.gilbert"||"Gertrude.Gilbert@example.com"||"Gertrude Gilbert"||"(384) 738-4130"||"ACN00004"||61.86||"15/2/2110"
"Elizabeth"||"Mendoza"||"elizabeth.mendoza"||"Elizabeth.Mendoza@example.com"||"Elizabeth Mendoza"||"(907) 318-2815"||"ACN00008"||11||"24/4/2060"
"Lora"||"Pena"||"lora.pena"||"Lora.Pena@example.com"||"Lora Pena"||"(324) 343-1094"||"ACN00003"||97.66||"3/8/2021"
"Ivan"||"Daniel"||"ivan.daniel"||"Ivan.Daniel@example.com"||"Ivan Daniel"||"(685) 729-6515"||"ACN00006"||53.48||"17/9/2080"
"Juan"||"Hudson"||"juan.hudson"||"Juan.Hudson@example.com"||"Juan Hudson"||"(673) 594-6765"||"ACN00002"||63.660000000000004||"5/7/2103"
"Barbara"||"Clayton"||"barbara.clayton"||"Barbara.Clayton@example.com"||"Barbara Clayton"||"(903) 439-2035"||"ACN00005"||15.09||"9/11/2090"
"Esther"||"Hawkins"||"esther.hawkins"||"Esther.Hawkins@example.com"||"Esther Hawkins"||"(572) 323-6533"||"ACN00008"||5.859999999999999||"30/7/2102"
"Jon"||"Pratt"||"jon.pratt"||"Jon.Pratt@example.com"||"Jon Pratt"||"(450) 486-8712"||"ACN00008"||37.27||"3/5/2040"
"Rhoda"||"Thompson"||"rhoda.thompson"||"Rhoda.Thompson@example.com"||"Rhoda Thompson"||"(984) 471-1181"||"ACN00007"||96.03||"8/5/2056"
"Harry"||"Bates"||"harry.bates"||"Harry.Bates@example.com"||"Harry Bates"||"(766) 899-6600"||"ACN00001"||36.03||"9/4/2060"
"Frances"||"Hines"||"frances.hines"||"Frances.Hines@example.com"||"Frances Hines"||"(546) 674-6614"||"ACN00002"||49.58||"16/2/2045"
"Esther"||"Robbins"||"esther.robbins"||"Esther.Robbins@example.com"||"Esther Robbins"||"(482) 669-7556"||"ACN00003"||65.72||"28/8/2059"
"Lura"||"Briggs"||"lura.briggs"||"Lura.Briggs@example.com"||"Lura Briggs"||"(740) 855-3999"||"ACN00004"||48.05||"22/4/2016"
"Etta"||"Barnes"||"etta.barnes"||"Etta.Barnes@example.com"||"Etta Barnes"||"(938) 216-3783"||"ACN00006"||75.82||"20/3/2075"
"Jesse"||"Arnold"||"jesse.arnold"||"Jesse.Arnold@example.com"||"Jesse Arnold"||"(556) 237-2135"||"ACN00001"||44.44||"15/5/2030"
"Jackson"||"Walsh"||"jackson.walsh"||"Jackson.Walsh@example.com"||"Jackson Walsh"||"(930) 515-5750"||"ACN00008"||49.89||"22/8/2104"
"Mabel"||"Sanchez"||"mabel.sanchez"||"Mabel.Sanchez@example.com"||"Mabel Sanchez"||"(368) 536-7180"||"ACN00006"||60.06||"2/4/2093"
"Mina"||"Frank"||"mina.frank"||"Mina.Frank@example.com"||"Mina Frank"||"(877) 975-4640"||"ACN00008"||12.43||"20/2/2027"
"Herbert"||"Johnson"||"herbert.johnson"||"Herbert.Johnson@example.com"||"Herbert Johnson"||"(325) 526-4364"||"ACN00003"||41.04||"2/6/2052"
"Lulu"||"Tyler"||"lulu.tyler"||"Lulu.Tyler@example.com"||"Lulu Tyler"||"(381) 458-1247"||"ACN00005"||8.68||"11/12/2090"
"Ina"||"Lewis"||"ina.lewis"||"Ina.Lewis@example.com"||"Ina Lewis"||"(987) 213-5488"||"ACN00002"||7.58||"5/11/2028"
"Isaac"||"West"||"isaac.west"||"Isaac.West@example.com"||"Isaac West"||"(627) 571-5725"||"ACN00006"||88.07||"3/9/2103"
"Eugenia"||"Allison"||"eugenia.allison"||"Eugenia.Allison@example.com"||"Eugenia Allison"||"(836) 540-2321"||"ACN00008"||11.239999999999998||"8/11/2038"
"Sylvia"||"Peters"||"sylvia.peters"||"Sylvia.Peters@example.com"||"Sylvia Peters"||"(916) 486-5293"||"ACN00002"||61.339999999999996||"19/7/2018"
"Kevin"||"Burns"||"kevin.burns"||"Kevin.Burns@example.com"||"Kevin Burns"||"(406) 919-7708"||"ACN00007"||50.74||"29/12/2051"
"Martin"||"Lowe"||"martin.lowe"||"Martin.Lowe@example.com"||"Martin Lowe"||"(951) 633-3014"||"ACN00001"||96.52||"18/11/2026"
"Lizzie"||"Andrews"||"lizzie.andrews"||"Lizzie.Andrews@example.com"||"Lizzie Andrews"||"(963) 307-4149"||"ACN00003"||16.79||"26/12/2093"
"Betty"||"Salazar"||"betty.salazar"||"Betty.Salazar@example.com"||"Betty Salazar"||"(469) 818-8554"||"ACN00001"||56.68||"11/8/2045"
"Alex"||"Collins"||"alex.collins"||"Alex.Collins@example.com"||"Alex Collins"||"(976) 926-9177"||"ACN00003"||34.120000000000005||"16/1/2086"
"Mary"||"Peters"||"mary.peters"||"Mary.Peters@example.com"||"Mary Peters"||"(270) 877-8273"||"ACN00004"||1.6700000000000002||"14/8/2032"
"Dustin"||"Gomez"||"dustin.gomez"||"Dustin.Gomez@example.com"||"Dustin Gomez"||"(242) 863-6111"||"ACN00006"||57.08||"19/9/2102"
"Max"||"Cobb"||"max.cobb"||"Max.Cobb@example.com"||"Max Cobb"||"(688) 626-2135"||"ACN00004"||30.47||"24/7/2111"
"Theodore"||"Medina"||"theodore.medina"||"Theodore.Medina@example.com"||"Theodore Medina"||"(446) 853-6445"||"ACN00006"||90.17999999999999||"30/5/2074"
"Mabelle"||"Mann"||"mabelle.mann"||"Mabelle.Mann@example.com"||"Mabelle Mann"||"(268) 622-6961"||"ACN00005"||96.51||"3/5/2021"
"Irene"||"Nelson"||"irene.nelson"||"Irene.Nelson@example.com"||"Irene Nelson"||"(243) 348-3047"||"ACN00001"||37.68||"13/12/2080"
"Wesley"||"Bell"||"wesley.bell"||"Wesley.Bell@example.com"||"Wesley Bell"||"(930) 241-2200"||"ACN00007"||80.91000000000001||"1/3/2103"
"Samuel"||"Jenkins"||"samuel.jenkins"||"Samuel.Jenkins@example.com"||"Samuel Jenkins"||"(721) 313-6337"||"ACN00001"||42.27||"15/1/2087"
"Luke"||"Hubbard"||"luke.hubbard"||"Luke.Hubbard@example.com"||"Luke Hubbard"||"(518) 325-2316"||"ACN00005"||15.97||"22/11/2099"
"Jose"||"Dunn"||"jose.dunn"||"Jose.Dunn@example.com"||"Jose Dunn"||"(640) 248-4679"||"ACN00008"||98.34||"30/7/2104"
"Christopher"||"Franklin"||"christopher.franklin"||"Christopher.Franklin@example.com"||"Christopher Franklin"||"(286) 410-9510"||"ACN00005"||45.92||"16/7/2057"
"Lillian"||"Stanley"||"lillian.stanley"||"Lillian.Stanley@example.com"||"Lillian Stanley"||"(373) 254-5455"||"ACN00002"||27.91||"27/7/2113"
"Estella"||"Fox"||"estella.fox"||"Estella.Fox@example.com"||"Estella Fox"||"(684) 210-7427"||"ACN00007"||98.86||"7/11/2017"
"Lloyd"||"Santos"||"lloyd.santos"||"Lloyd.Santos@example.com"||"Lloyd Santos"||"(520) 689-3297"||"ACN00001"||66.38||"29/12/2103"
"Bess"||"Gardner"||"bess.gardner"||"Bess.Gardner@example.com"||"Bess Gardner"||"(515) 751-8528"||"ACN00007"||61.52||"14/5/2076"
"Hettie"||"Quinn"||"hettie.quinn"||"Hettie.Quinn@example.com"||"Hettie Quinn"||"(726) 715-9023"||"ACN00003"||48.93||"2/10/2111"
"Joshua"||"Oliver"||"joshua.oliver"||"Joshua.Oliver@example.com"||"Joshua Oliver"||"(419) 637-7286"||"ACN00007"||94.66999999999999||"28/7/2101"
"Lela"||"Thomas"||"lela.thomas"||"Lela.Thomas@example.com"||"Lela Thomas"||"(489) 520-2584"||"ACN00008"||77.25||"20/2/2062"
"Gordon"||"Ray"||"gordon.ray"||"Gordon.Ray@example.com"||"Gordon Ray"||"(551) 488-5859"||"ACN00007"||43.809999999999995||"12/5/2109"
"Lucille"||"Bowman"||"lucille.bowman"||"Lucille.Bowman@example.com"||"Lucille Bowman"||"(725) 672-8081"||"ACN00002"||64.75||"5/9/2071"
"Jesse"||"Graves"||"jesse.graves"||"Jesse.Graves@example.com"||"Jesse Graves"||"(536) 843-4055"||"ACN00002"||99.79||"27/3/2112"
"Charlotte"||"Chandler"||"charlotte.chandler"||"Charlotte.Chandler@example.com"||"Charlotte Chandler"||"(525) 655-1864"||"ACN00003"||86.06||"30/9/2029"
"Victoria"||"Carroll"||"victoria.carroll"||"Victoria.Carroll@example.com"||"Victoria Carroll"||"(924) 791-6459"||"ACN00007"||90.32||"11/9/2016"
"Kevin"||"Austin"||"kevin.austin"||"Kevin.Austin@example.com"||"Kevin Austin"||"(470) 493-8972"||"ACN00006"||83.46000000000001||"16/5/2040"
"Victoria"||"Hansen"||"victoria.hansen"||"Victoria.Hansen@example.com"||"Victoria Hansen"||"(363) 597-2077"||"ACN00002"||58.93||"1/10/2067"
"Leonard"||"Silva"||"leonard.silva"||"Leonard.Silva@example.com"||"Leonard Silva"||"(651) 265-2384"||"ACN00004"||29.150000000000002||"9/10/2098"
"Nell"||"Adams"||"nell.adams"||"Nell.Adams@example.com"||"Nell Adams"||"(578) 556-7779"||"ACN00004"||64.98||"3/1/2020"
"Teresa"||"Cohen"||"teresa.cohen"||"Teresa.Cohen@example.com"||"Teresa Cohen"||"(453) 471-7298"||"ACN00008"||94.75||"31/12/2067"
"Rosalie"||"Shelton"||"rosalie.shelton"||"Rosalie.Shelton@example.com"||"Rosalie Shelton"||"(386) 383-9143"||"ACN00006"||49.260000000000005||"13/12/2084"
"Cory"||"Gibbs"||"cory.gibbs"||"Cory.Gibbs@example.com"||"Cory Gibbs"||"(736) 835-1283"||"ACN00004"||42.21||"7/6/2037"
"Bryan"||"Wade"||"bryan.wade"||"Bryan.Wade@example.com"||"Bryan Wade"||"(527) 817-5928"||"ACN00002"||92||"17/12/2105"
"Garrett"||"Copeland"||"garrett.copeland"||"Garrett.Copeland@example.com"||"Garrett Copeland"||"(565) 292-6811"||"ACN00001"||24.41||"5/5/2112"
"Randall"||"Wright"||"randall.wright"||"Randall.Wright@example.com"||"Randall Wright"||"(826) 738-2101"||"ACN00001"||67.93||"21/9/2114"
"Theresa"||"Horton"||"theresa.horton"||"Theresa.Horton@example.com"||"Theresa Horton"||"(911) 498-2829"||"ACN00003"||7.75||"12/12/2044"
"Vera"||"Pearson"||"vera.pearson"||"Vera.Pearson@example.com"||"Vera Pearson"||"(354) 592-4723"||"ACN00007"||32.339999999999996||"2/9/2096"
"Stanley"||"Casey"||"stanley.casey"||"Stanley.Casey@example.com"||"Stanley Casey"||"(720) 698-1992"||"ACN00002"||58.6||"11/10/2060"
"Amanda"||"Pittman"||"amanda.pittman"||"Amanda.Pittman@example.com"||"Amanda Pittman"||"(660) 403-5444"||"ACN00008"||68.56||"26/10/2070"
"Lily"||"Garcia"||"lily.garcia"||"Lily.Garcia@example.com"||"Lily Garcia"||"(841) 400-2051"||"ACN00003"||43.65||"7/6/2116"
"Celia"||"Bailey"||"celia.bailey"||"Celia.Bailey@example.com"||"Celia Bailey"||"(813) 533-2375"||"ACN00003"||48.97||"23/12/2090"
"Chris"||"Elliott"||"chris.elliott"||"Chris.Elliott@example.com"||"Chris Elliott"||"(901) 744-3919"||"ACN00003"||33.32||"2/3/2086"
"Harold"||"Fuller"||"harold.fuller"||"Harold.Fuller@example.com"||"Harold Fuller"||"(677) 247-1317"||"ACN00003"||56.24||"3/7/2104"
"Phillip"||"Gutierrez"||"phillip.gutierrez"||"Phillip.Gutierrez@example.com"||"Phillip Gutierrez"||"(781) 322-1828"||"ACN00004"||26.19||"12/3/2079"
"Alejandro"||"Jenkins"||"alejandro.jenkins"||"Alejandro.Jenkins@example.com"||"Alejandro Jenkins"||"(487) 884-9603"||"ACN00007"||80.81||"7/6/2051"
"Annie"||"Ross"||"annie.ross"||"Annie.Ross@example.com"||"Annie Ross"||"(917) 524-7284"||"ACN00002"||60.46||"16/6/2080"
"Harold"||"Reyes"||"harold.reyes"||"Harold.Reyes@example.com"||"Harold Reyes"||"(428) 715-3464"||"ACN00007"||93.76||"21/8/2068"
"Mildred"||"Garcia"||"mildred.garcia"||"Mildred.Garcia@example.com"||"Mildred Garcia"||"(343) 582-5325"||"ACN00005"||77.6||"24/8/2115"
"Jorge"||"Duncan"||"jorge.duncan"||"Jorge.Duncan@example.com"||"Jorge Duncan"||"(968) 347-6283"||"ACN00007"||83.45||"15/2/2035"
"Rosie"||"Mitchell"||"rosie.mitchell"||"Rosie.Mitchell@example.com"||"Rosie Mitchell"||"(603) 853-5444"||"ACN00007"||34.71||"18/1/2040"
"Micheal"||"Horton"||"micheal.horton"||"Micheal.Horton@example.com"||"Micheal Horton"||"(423) 467-8989"||"ACN00005"||90.33||"1/5/2104"
"Rose"||"Sullivan"||"rose.sullivan"||"Rose.Sullivan@example.com"||"Rose Sullivan"||"(424) 840-3806"||"ACN00005"||2.4099999999999997||"14/2/2050"
"Steve"||"Fox"||"steve.fox"||"Steve.Fox@example.com"||"Steve Fox"||"(713) 660-3172"||"ACN00008"||75.99000000000001||"11/1/2076"
"Christopher"||"Warren"||"christopher.warren"||"Christopher.Warren@example.com"||"Christopher Warren"||"(587) 394-4010"||"ACN00007"||1.94||"22/11/2089"
"Rachel"||"Pearson"||"rachel.pearson"||"Rachel.Pearson@example.com"||"Rachel Pearson"||"(365) 283-2105"||"ACN00007"||58.120000000000005||"2/1/2102"
"Charlotte"||"Cannon"||"charlotte.cannon"||"Charlotte.Cannon@example.com"||"Charlotte Cannon"||"(244) 512-2249"||"ACN00007"||2.9||"21/10/2071"
"Jerome"||"Mathis"||"jerome.mathis"||"Jerome.Mathis@example.com"||"Jerome Mathis"||"(531) 968-1853"||"ACN00003"||83.28||"4/7/2020"
"Melvin"||"Hawkins"||"melvin.hawkins"||"Melvin.Hawkins@example.com"||"Melvin Hawkins"||"(867) 578-2167"||"ACN00005"||58.15||"18/5/2065"
"Jeff"||"Franklin"||"jeff.franklin"||"Jeff.Franklin@example.com"||"Jeff Franklin"||"(256) 635-1846"||"ACN00006"||47.660000000000004||"21/7/2057"
"Milton"||"Moreno"||"milton.moreno"||"Milton.Moreno@example.com"||"Milton Moreno"||"(529) 520-5615"||"ACN00002"||27.6||"7/11/2099"
"Olga"||"Byrd"||"olga.byrd"||"Olga.Byrd@example.com"||"Olga Byrd"||"(629) 610-9046"||"ACN00006"||41.25||"1/11/2023"
"Lela"||"Doyle"||"lela.doyle"||"Lela.Doyle@example.com"||"Lela Doyle"||"(489) 632-2695"||"ACN00006"||45.74||"11/12/2026"
"Etta"||"Miller"||"etta.miller"||"Etta.Miller@example.com"||"Etta Miller"||"(678) 583-6033"||"ACN00008"||71.16999999999999||"5/7/2106"
"William"||"Barton"||"william.barton"||"William.Barton@example.com"||"William Barton"||"(921) 455-3267"||"ACN00007"||44.54||"19/8/2049"
"Nicholas"||"Fields"||"nicholas.fields"||"Nicholas.Fields@example.com"||"Nicholas Fields"||"(885) 930-4289"||"ACN00006"||74.48||"15/8/2034"
"Belle"||"Robinson"||"belle.robinson"||"Belle.Robinson@example.com"||"Belle Robinson"||"(408) 521-4167"||"ACN00002"||32.53||"9/9/2094"
"Elizabeth"||"White"||"elizabeth.white"||"Elizabeth.White@example.com"||"Elizabeth White"||"(401) 524-9818"||"ACN00001"||63.760000000000005||"27/10/2038"
"Sarah"||"Haynes"||"sarah.haynes"||"Sarah.Haynes@example.com"||"Sarah Haynes"||"(763) 245-9380"||"ACN00005"||55.809999999999995||"2/7/2080"
"Myrtie"||"Pena"||"myrtie.pena"||"Myrtie.Pena@example.com"||"Myrtie Pena"||"(227) 740-1298"||"ACN00001"||5.48||"22/10/2022"
"Agnes"||"Hanson"||"agnes.hanson"||"Agnes.Hanson@example.com"||"Agnes Hanson"||"(787) 225-8416"||"ACN00008"||62||"24/2/2081"
"Jack"||"McCoy"||"jack.mccoy"||"Jack.McCoy@example.com"||"Jack McCoy"||"(481) 744-5318"||"ACN00008"||42.3||"9/4/2105"
"Lester"||"Parsons"||"lester.parsons"||"Lester.Parsons@example.com"||"Lester Parsons"||"(262) 845-9335"||"ACN00004"||45.41||"8/11/2018"
"Ryan"||"Ray"||"ryan.ray"||"Ryan.Ray@example.com"||"Ryan Ray"||"(546) 759-6249"||"ACN00002"||90||"20/9/2102"
"Fred"||"Taylor"||"fred.taylor"||"Fred.Taylor@example.com"||"Fred Taylor"||"(270) 651-1118"||"ACN00006"||38.46||"30/11/2091"
"Pauline"||"Castillo"||"pauline.castillo"||"Pauline.Castillo@example.com"||"Pauline Castillo"||"(672) 501-7006"||"ACN00004"||11.56||"18/6/2035"
"David"||"Cole"||"david.cole"||"David.Cole@example.com"||"David Cole"||"(902) 382-9786"||"ACN00005"||11.57||"1/1/2061"